<!--
Copyright (C) 2009-2012 University of Freiburg

This file is part of SMTInterpol.

SMTInterpol is free software: you can redistribute it and/or modify
it under the terms of the GNU Lesser General Public License as published
by the Free Software Foundation, either version 3 of the License, or
(at your option) any later version.

SMTInterpol is distributed in the hope that it will be useful,
but WITHOUT ANY WARRANTY; without even the implied warranty of
MERCHANTABILITY or FITNESS FOR A PARTICULAR PURPOSE.  See the
GNU Lesser General Public License for more details.

You should have received a copy of the GNU Lesser General Public License
along with SMTInterpol.  If not, see <http://www.gnu.org/licenses/>.
-->
<project name="SMTLIB" default="generate_parser" basedir=".">
    <property name="cupJar" location="${workspacedir}/SMTInterpol/lib/java-cup-12joho.jar"/>
    <property name="flexJar" location="${workspacedir}/SMTInterpol/lib/JFlex.jar"/>
    <description>
        Build File for SMTLIB parser.
    </description>


    <target name="generate_parser">
        <java jar="${cupJar}" fork="true">
			<arg value="smtlib.cup" />
        </java>
        <java jar="${flexJar}" fork="true">
        	<arg value="smtlib.flex" />
        </java>
    </target>

</project>
